-- =============================================================================
-- Swipetouch CRMS — Full MySQL import (schema + demo data)
-- Generated by: npm run sql:generate --workspace=@crms/api
--
-- Import:
--   mysql -u root -p < docs/sql/crms-full-import.sql
--   OR upload via phpMyAdmin / Adminer / Plesk
--
-- Demo password for ALL accounts: demo123
-- =============================================================================

SET NAMES utf8mb4;
SET FOREIGN_KEY_CHECKS = 0;
SET SQL_MODE = 'NO_AUTO_VALUE_ON_ZERO';
SET time_zone = '+00:00';

CREATE DATABASE IF NOT EXISTS `crms`
  CHARACTER SET utf8mb4
  COLLATE utf8mb4_unicode_ci;
USE `crms`;

DROP TABLE IF EXISTS `notifications`;
DROP TABLE IF EXISTS `external_ticket_links`;
DROP TABLE IF EXISTS `cr_comments`;
DROP TABLE IF EXISTS `workflow_logs`;
DROP TABLE IF EXISTS `change_requests`;
DROP TABLE IF EXISTS `system_users`;
DROP TABLE IF EXISTS `organizations`;

CREATE TABLE `organizations` (
  `id` CHAR(36) NOT NULL,
  `name` VARCHAR(255) NOT NULL,
  `code` VARCHAR(50) NOT NULL,
  `segment` VARCHAR(50) NOT NULL DEFAULT 'mid-market',
  `country` VARCHAR(100) NOT NULL DEFAULT 'India',
  `city` VARCHAR(100) NULL,
  `address` TEXT NULL,
  `contact_phone` VARCHAR(30) NULL,
  `contact_email` VARCHAR(255) NULL,
  `primary_contact_name` VARCHAR(150) NULL,
  `sla_days` INT NOT NULL DEFAULT 14,
  `status` ENUM('active', 'inactive') NOT NULL DEFAULT 'active',
  `default_approver_id` CHAR(36) NULL,
  `created_at` DATETIME(3) NOT NULL DEFAULT CURRENT_TIMESTAMP(3),
  `updated_at` DATETIME(3) NOT NULL DEFAULT CURRENT_TIMESTAMP(3) ON UPDATE CURRENT_TIMESTAMP(3),
  PRIMARY KEY (`id`),
  UNIQUE KEY `organizations_code_key` (`code`),
  KEY `organizations_status_idx` (`status`)
) ENGINE=InnoDB DEFAULT CHARSET=utf8mb4 COLLATE=utf8mb4_unicode_ci;

CREATE TABLE `system_users` (
  `id` CHAR(36) NOT NULL,
  `email` VARCHAR(255) NOT NULL,
  `password_hash` VARCHAR(255) NOT NULL,
  `role` ENUM('CLIENT', 'APPROVER', 'CS_MEMBER', 'ADMIN') NOT NULL,
  `organization_id` CHAR(36) NULL,
  `full_name` VARCHAR(150) NOT NULL,
  `is_designated_raiser` TINYINT(1) NOT NULL DEFAULT 0,
  `is_active` TINYINT(1) NOT NULL DEFAULT 1,
  `created_at` DATETIME(3) NOT NULL DEFAULT CURRENT_TIMESTAMP(3),
  `updated_at` DATETIME(3) NOT NULL DEFAULT CURRENT_TIMESTAMP(3) ON UPDATE CURRENT_TIMESTAMP(3),
  PRIMARY KEY (`id`),
  UNIQUE KEY `system_users_email_key` (`email`),
  KEY `system_users_organization_id_idx` (`organization_id`),
  KEY `system_users_role_is_active_idx` (`role`, `is_active`),
  CONSTRAINT `system_users_organization_id_fkey` FOREIGN KEY (`organization_id`) REFERENCES `organizations` (`id`) ON DELETE SET NULL ON UPDATE CASCADE
) ENGINE=InnoDB DEFAULT CHARSET=utf8mb4 COLLATE=utf8mb4_unicode_ci;

ALTER TABLE `organizations`
  ADD CONSTRAINT `organizations_default_approver_id_fkey`
  FOREIGN KEY (`default_approver_id`) REFERENCES `system_users` (`id`) ON DELETE SET NULL ON UPDATE CASCADE;

CREATE TABLE `change_requests` (
  `id` CHAR(36) NOT NULL,
  `organization_id` CHAR(36) NOT NULL,
  `requested_by_id` CHAR(36) NOT NULL,
  `approver_id` CHAR(36) NULL,
  `assigned_staff_id` CHAR(36) NULL,
  `title` VARCHAR(255) NOT NULL,
  `description` TEXT NOT NULL,
  `module_affected` VARCHAR(100) NOT NULL,
  `status` ENUM('PENDING_APPROVAL', 'APPROVED_ASSIGNED', 'IN_PROGRESS', 'RESOLVED', 'REJECTED', 'CLOSED') NOT NULL DEFAULT 'PENDING_APPROVAL',
  `priority` ENUM('LOW', 'MEDIUM', 'HIGH', 'URGENT') NOT NULL DEFAULT 'MEDIUM',
  `rejection_reason` TEXT NULL,
  `approved_at` DATETIME(3) NULL,
  `assigned_at` DATETIME(3) NULL,
  `resolved_at` DATETIME(3) NULL,
  `closed_at` DATETIME(3) NULL,
  `sla_due_at` DATETIME(3) NULL,
  `created_at` DATETIME(3) NOT NULL DEFAULT CURRENT_TIMESTAMP(3),
  `updated_at` DATETIME(3) NOT NULL DEFAULT CURRENT_TIMESTAMP(3) ON UPDATE CURRENT_TIMESTAMP(3),
  PRIMARY KEY (`id`),
  KEY `change_requests_organization_id_created_at_idx` (`organization_id`, `created_at`),
  KEY `change_requests_status_idx` (`status`),
  KEY `change_requests_assigned_staff_id_status_idx` (`assigned_staff_id`, `status`),
  CONSTRAINT `change_requests_organization_id_fkey` FOREIGN KEY (`organization_id`) REFERENCES `organizations` (`id`) ON DELETE RESTRICT ON UPDATE CASCADE,
  CONSTRAINT `change_requests_requested_by_id_fkey` FOREIGN KEY (`requested_by_id`) REFERENCES `system_users` (`id`) ON DELETE RESTRICT ON UPDATE CASCADE,
  CONSTRAINT `change_requests_approver_id_fkey` FOREIGN KEY (`approver_id`) REFERENCES `system_users` (`id`) ON DELETE SET NULL ON UPDATE CASCADE,
  CONSTRAINT `change_requests_assigned_staff_id_fkey` FOREIGN KEY (`assigned_staff_id`) REFERENCES `system_users` (`id`) ON DELETE SET NULL ON UPDATE CASCADE
) ENGINE=InnoDB DEFAULT CHARSET=utf8mb4 COLLATE=utf8mb4_unicode_ci;

CREATE TABLE `workflow_logs` (
  `id` CHAR(36) NOT NULL,
  `change_request_id` CHAR(36) NOT NULL,
  `triggered_by_id` CHAR(36) NOT NULL,
  `previous_status` VARCHAR(50) NULL,
  `new_status` VARCHAR(50) NOT NULL,
  `action_note` TEXT NULL,
  `logged_at` DATETIME(3) NOT NULL DEFAULT CURRENT_TIMESTAMP(3),
  PRIMARY KEY (`id`),
  KEY `workflow_logs_change_request_id_logged_at_idx` (`change_request_id`, `logged_at`),
  CONSTRAINT `workflow_logs_change_request_id_fkey` FOREIGN KEY (`change_request_id`) REFERENCES `change_requests` (`id`) ON DELETE CASCADE ON UPDATE CASCADE,
  CONSTRAINT `workflow_logs_triggered_by_id_fkey` FOREIGN KEY (`triggered_by_id`) REFERENCES `system_users` (`id`) ON DELETE RESTRICT ON UPDATE CASCADE
) ENGINE=InnoDB DEFAULT CHARSET=utf8mb4 COLLATE=utf8mb4_unicode_ci;

CREATE TABLE `cr_comments` (
  `id` CHAR(36) NOT NULL,
  `change_request_id` CHAR(36) NOT NULL,
  `author_id` CHAR(36) NOT NULL,
  `content` TEXT NOT NULL,
  `visibility` ENUM('INTERNAL', 'CLIENT_VISIBLE') NOT NULL DEFAULT 'INTERNAL',
  `created_at` DATETIME(3) NOT NULL DEFAULT CURRENT_TIMESTAMP(3),
  PRIMARY KEY (`id`),
  KEY `cr_comments_change_request_id_created_at_idx` (`change_request_id`, `created_at`),
  CONSTRAINT `cr_comments_change_request_id_fkey` FOREIGN KEY (`change_request_id`) REFERENCES `change_requests` (`id`) ON DELETE CASCADE ON UPDATE CASCADE,
  CONSTRAINT `cr_comments_author_id_fkey` FOREIGN KEY (`author_id`) REFERENCES `system_users` (`id`) ON DELETE RESTRICT ON UPDATE CASCADE
) ENGINE=InnoDB DEFAULT CHARSET=utf8mb4 COLLATE=utf8mb4_unicode_ci;

CREATE TABLE `external_ticket_links` (
  `id` CHAR(36) NOT NULL,
  `change_request_id` CHAR(36) NOT NULL,
  `system` ENUM('JIRA', 'OSTICKET', 'OTHER') NOT NULL,
  `external_id` VARCHAR(100) NOT NULL,
  `url` VARCHAR(500) NULL,
  `linked_by_id` CHAR(36) NOT NULL,
  `created_at` DATETIME(3) NOT NULL DEFAULT CURRENT_TIMESTAMP(3),
  PRIMARY KEY (`id`),
  KEY `external_ticket_links_change_request_id_idx` (`change_request_id`),
  CONSTRAINT `external_ticket_links_change_request_id_fkey` FOREIGN KEY (`change_request_id`) REFERENCES `change_requests` (`id`) ON DELETE CASCADE ON UPDATE CASCADE
) ENGINE=InnoDB DEFAULT CHARSET=utf8mb4 COLLATE=utf8mb4_unicode_ci;

CREATE TABLE `notifications` (
  `id` CHAR(36) NOT NULL,
  `user_id` CHAR(36) NOT NULL,
  `change_request_id` CHAR(36) NOT NULL,
  `status` ENUM('PENDING_APPROVAL', 'APPROVED', 'REJECTED', 'RETURNED_FOR_REASSIGN', 'ASSIGNED') NOT NULL DEFAULT 'PENDING_APPROVAL',
  `is_read` TINYINT(1) NOT NULL DEFAULT 0,
  `acted_by_id` CHAR(36) NULL,
  `acted_at` DATETIME(3) NULL,
  `created_at` DATETIME(3) NOT NULL DEFAULT CURRENT_TIMESTAMP(3),
  `updated_at` DATETIME(3) NOT NULL DEFAULT CURRENT_TIMESTAMP(3) ON UPDATE CURRENT_TIMESTAMP(3),
  PRIMARY KEY (`id`),
  UNIQUE KEY `notifications_user_id_change_request_id_key` (`user_id`, `change_request_id`),
  KEY `notifications_user_id_status_is_read_idx` (`user_id`, `status`, `is_read`),
  KEY `notifications_change_request_id_idx` (`change_request_id`),
  CONSTRAINT `notifications_user_id_fkey` FOREIGN KEY (`user_id`) REFERENCES `system_users` (`id`) ON DELETE CASCADE ON UPDATE CASCADE,
  CONSTRAINT `notifications_change_request_id_fkey` FOREIGN KEY (`change_request_id`) REFERENCES `change_requests` (`id`) ON DELETE CASCADE ON UPDATE CASCADE,
  CONSTRAINT `notifications_acted_by_id_fkey` FOREIGN KEY (`acted_by_id`) REFERENCES `system_users` (`id`) ON DELETE SET NULL ON UPDATE CASCADE
) ENGINE=InnoDB DEFAULT CHARSET=utf8mb4 COLLATE=utf8mb4_unicode_ci;

-- ===================== DEMO DATA =====================

-- Internal users (insert before org default_approver FK is populated)
INSERT INTO `system_users` (`id`, `email`, `password_hash`, `role`, `organization_id`, `full_name`, `is_designated_raiser`, `is_active`) VALUES
  ('11111111-1111-4111-8111-111111111101', 'admin@swipetouch.local', '$2a$12$XU6LzzgdiEJF9dM/kdkOWujUQ6FqHxOtlKX9D4p.Ah1xKCegsDG9W', 'ADMIN', NULL, 'System Admin', 0, 1),
  ('11111111-1111-4111-8111-111111111102', 'approver@swipetouch.local', '$2a$12$XU6LzzgdiEJF9dM/kdkOWujUQ6FqHxOtlKX9D4p.Ah1xKCegsDG9W', 'APPROVER', NULL, 'Ravi Mehta', 0, 1),
  ('11111111-1111-4111-8111-111111111103', 'staff1@swipetouch.local', '$2a$12$XU6LzzgdiEJF9dM/kdkOWujUQ6FqHxOtlKX9D4p.Ah1xKCegsDG9W', 'CS_MEMBER', NULL, 'Priya Sharma', 0, 1),
  ('11111111-1111-4111-8111-111111111104', 'staff2@swipetouch.local', '$2a$12$XU6LzzgdiEJF9dM/kdkOWujUQ6FqHxOtlKX9D4p.Ah1xKCegsDG9W', 'CS_MEMBER', NULL, 'Amit Kumar', 0, 1);

INSERT INTO `organizations` (`id`, `name`, `code`, `segment`, `country`, `city`, `address`, `contact_phone`, `contact_email`, `primary_contact_name`, `sla_days`, `status`, `default_approver_id`) VALUES
  ('22222222-2222-4222-8222-222222222201', 'Demo Public School', 'demoschool', 'mid-market', 'India', 'Noida', '12 Knowledge Park, Sector 62', '+91 98765 43210', 'office@demopublic.edu.in', 'Rajesh Verma', 14, 'active', '11111111-1111-4111-8111-111111111102'),
  ('22222222-2222-4222-8222-222222222202', 'Green Valley International School', 'greenvalley', 'mid-market', 'India', 'Bengaluru', '45 Bannerghatta Road', '+91 99887 76655', 'admin@greenvalley.edu.in', 'Meera Iyer', 10, 'active', '11111111-1111-4111-8111-111111111102'),
  ('22222222-2222-4222-8222-222222222203', 'St. Mary''s College', 'stmarys', 'mid-market', 'India', 'Mumbai', '88 Hill Road, Bandra', '+91 91234 56780', 'principal@stmarys.edu.in', 'Fr. Thomas George', 21, 'active', '11111111-1111-4111-8111-111111111102'),
  ('22222222-2222-4222-8222-222222222204', 'DAV College of Management', 'davcollege', 'mid-market', 'India', 'Chandigarh', 'Sector 10-C, Madhya Marg', '+91 98760 11223', 'office@davcm.edu.in', 'Dr. Sandeep Khurana', 14, 'active', '11111111-1111-4111-8111-111111111102'),
  ('22222222-2222-4222-8222-222222222205', 'Sunrise Academy', 'sunrise', 'mid-market', 'India', 'Pune', '22 FC Road, Shivajinagar', '+91 90123 45678', 'hello@sunriseacademy.in', 'Vikram Deshpande', 7, 'active', '11111111-1111-4111-8111-111111111102');
INSERT INTO `system_users` (`id`, `email`, `password_hash`, `role`, `organization_id`, `full_name`, `is_designated_raiser`, `is_active`) VALUES
  ('33333333-3333-4333-8333-333333333301', 'client@demoschool.local', '$2a$12$XU6LzzgdiEJF9dM/kdkOWujUQ6FqHxOtlKX9D4p.Ah1xKCegsDG9W', 'CLIENT', '22222222-2222-4222-8222-222222222201', 'Rajesh Verma', 1, 1),
  ('33333333-3333-4333-8333-333333333302', 'client2@demoschool.local', '$2a$12$XU6LzzgdiEJF9dM/kdkOWujUQ6FqHxOtlKX9D4p.Ah1xKCegsDG9W', 'CLIENT', '22222222-2222-4222-8222-222222222201', 'Anita Singh', 1, 1),
  ('33333333-3333-4333-8333-333333333303', 'admin@greenvalley.edu.in', '$2a$12$XU6LzzgdiEJF9dM/kdkOWujUQ6FqHxOtlKX9D4p.Ah1xKCegsDG9W', 'CLIENT', '22222222-2222-4222-8222-222222222202', 'Meera Iyer', 1, 1),
  ('33333333-3333-4333-8333-333333333304', 'it@greenvalley.edu.in', '$2a$12$XU6LzzgdiEJF9dM/kdkOWujUQ6FqHxOtlKX9D4p.Ah1xKCegsDG9W', 'CLIENT', '22222222-2222-4222-8222-222222222202', 'Karthik Nair', 1, 1),
  ('33333333-3333-4333-8333-333333333305', 'cr@stmarys.edu.in', '$2a$12$XU6LzzgdiEJF9dM/kdkOWujUQ6FqHxOtlKX9D4p.Ah1xKCegsDG9W', 'CLIENT', '22222222-2222-4222-8222-222222222203', 'Sister Maria Joseph', 1, 1),
  ('33333333-3333-4333-8333-333333333306', 'office@davcm.edu.in', '$2a$12$XU6LzzgdiEJF9dM/kdkOWujUQ6FqHxOtlKX9D4p.Ah1xKCegsDG9W', 'CLIENT', '22222222-2222-4222-8222-222222222204', 'Dr. Sandeep Khurana', 1, 1),
  ('33333333-3333-4333-8333-333333333307', 'registrar@davcm.edu.in', '$2a$12$XU6LzzgdiEJF9dM/kdkOWujUQ6FqHxOtlKX9D4p.Ah1xKCegsDG9W', 'CLIENT', '22222222-2222-4222-8222-222222222204', 'Pooja Bansal', 1, 1),
  ('33333333-3333-4333-8333-333333333308', 'hello@sunriseacademy.in', '$2a$12$XU6LzzgdiEJF9dM/kdkOWujUQ6FqHxOtlKX9D4p.Ah1xKCegsDG9W', 'CLIENT', '22222222-2222-4222-8222-222222222205', 'Vikram Deshpande', 1, 1);
INSERT INTO `change_requests` (`id`, `organization_id`, `requested_by_id`, `approver_id`, `assigned_staff_id`, `title`, `description`, `module_affected`, `status`, `priority`, `rejection_reason`, `approved_at`, `assigned_at`, `resolved_at`, `closed_at`, `sla_due_at`, `created_at`, `updated_at`) VALUES
  ('44444444-4444-4444-8444-000000000001', '22222222-2222-4222-8222-222222222201', '33333333-3333-4333-8333-333333333301', '11111111-1111-4111-8111-111111111102', NULL, 'Add custom report card layout', 'Term-wise report card with parent signature.', 'Reports', 'PENDING_APPROVAL', 'HIGH', NULL, NULL, NULL, NULL, NULL, DATE_ADD(DATE_SUB(NOW(), INTERVAL 2 DAY), INTERVAL 14 DAY), DATE_SUB(NOW(), INTERVAL 2 DAY), DATE_SUB(NOW(), INTERVAL 2 DAY)),
  ('44444444-4444-4444-8444-000000000002', '22222222-2222-4222-8222-222222222201', '33333333-3333-4333-8333-333333333301', '11111111-1111-4111-8111-111111111102', '11111111-1111-4111-8111-111111111103', 'Fee payment gateway integration', 'Razorpay integration with receipt PDF.', 'Finance', 'IN_PROGRESS', 'URGENT', NULL, DATE_SUB(NOW(), INTERVAL 15 DAY), DATE_SUB(NOW(), INTERVAL 15 DAY), NULL, NULL, DATE_SUB(NOW(), INTERVAL 2 DAY), DATE_SUB(NOW(), INTERVAL 16 DAY), DATE_SUB(NOW(), INTERVAL 16 DAY)),
  ('44444444-4444-4444-8444-000000000003', '22222222-2222-4222-8222-222222222201', '33333333-3333-4333-8333-333333333301', '11111111-1111-4111-8111-111111111102', '11111111-1111-4111-8111-111111111104', 'SMS alerts for attendance', 'Daily absence SMS to parents.', 'Communication', 'APPROVED_ASSIGNED', 'MEDIUM', NULL, DATE_SUB(NOW(), INTERVAL 4 DAY), DATE_SUB(NOW(), INTERVAL 4 DAY), NULL, NULL, DATE_ADD(DATE_SUB(NOW(), INTERVAL 5 DAY), INTERVAL 14 DAY), DATE_SUB(NOW(), INTERVAL 5 DAY), DATE_SUB(NOW(), INTERVAL 5 DAY)),
  ('44444444-4444-4444-8444-000000000004', '22222222-2222-4222-8222-222222222201', '33333333-3333-4333-8333-333333333301', '11111111-1111-4111-8111-111111111102', '11111111-1111-4111-8111-111111111103', 'Library module barcode scan', 'Android scanner for book issue/return.', 'Other', 'CLOSED', 'LOW', NULL, DATE_SUB(NOW(), INTERVAL 44 DAY), DATE_SUB(NOW(), INTERVAL 44 DAY), DATE_SUB(NOW(), INTERVAL 5 DAY), DATE_SUB(NOW(), INTERVAL 5 DAY), DATE_ADD(DATE_SUB(NOW(), INTERVAL 45 DAY), INTERVAL 14 DAY), DATE_SUB(NOW(), INTERVAL 45 DAY), DATE_SUB(NOW(), INTERVAL 45 DAY)),
  ('44444444-4444-4444-8444-000000000005', '22222222-2222-4222-8222-222222222201', '33333333-3333-4333-8333-333333333301', '11111111-1111-4111-8111-111111111102', '11111111-1111-4111-8111-111111111104', 'Timetable clash detection', 'Warn when teacher double-booked.', 'Timetable', 'CLOSED', 'MEDIUM', NULL, DATE_SUB(NOW(), INTERVAL 19 DAY), DATE_SUB(NOW(), INTERVAL 19 DAY), DATE_SUB(NOW(), INTERVAL 2 DAY), DATE_SUB(NOW(), INTERVAL 2 DAY), DATE_ADD(DATE_SUB(NOW(), INTERVAL 20 DAY), INTERVAL 14 DAY), DATE_SUB(NOW(), INTERVAL 20 DAY), DATE_SUB(NOW(), INTERVAL 20 DAY)),
  ('44444444-4444-4444-8444-000000000006', '22222222-2222-4222-8222-222222222201', '33333333-3333-4333-8333-333333333301', '11111111-1111-4111-8111-111111111102', NULL, 'Custom ID card template', 'New layout with QR code.', 'Admissions', 'REJECTED', 'LOW', 'Deferred to next product cycle', NULL, NULL, NULL, NULL, DATE_ADD(DATE_SUB(NOW(), INTERVAL 30 DAY), INTERVAL 14 DAY), DATE_SUB(NOW(), INTERVAL 30 DAY), DATE_SUB(NOW(), INTERVAL 30 DAY)),
  ('44444444-4444-4444-8444-000000000007', '22222222-2222-4222-8222-222222222202', '33333333-3333-4333-8333-333333333303', '11111111-1111-4111-8111-111111111102', '11111111-1111-4111-8111-111111111103', 'Parent app dark mode', 'Theme toggle in mobile portal.', 'Communication', 'IN_PROGRESS', 'MEDIUM', NULL, DATE_SUB(NOW(), INTERVAL 7 DAY), DATE_SUB(NOW(), INTERVAL 7 DAY), NULL, NULL, DATE_ADD(DATE_SUB(NOW(), INTERVAL 8 DAY), INTERVAL 10 DAY), DATE_SUB(NOW(), INTERVAL 8 DAY), DATE_SUB(NOW(), INTERVAL 8 DAY)),
  ('44444444-4444-4444-8444-000000000008', '22222222-2222-4222-8222-222222222202', '33333333-3333-4333-8333-333333333303', '11111111-1111-4111-8111-111111111102', NULL, 'Bulk fee import from Excel', 'Validate and import 5k rows.', 'Finance', 'PENDING_APPROVAL', 'HIGH', NULL, NULL, NULL, NULL, NULL, DATE_ADD(DATE_SUB(NOW(), INTERVAL 1 DAY), INTERVAL 10 DAY), DATE_SUB(NOW(), INTERVAL 1 DAY), DATE_SUB(NOW(), INTERVAL 1 DAY)),
  ('44444444-4444-4444-8444-000000000009', '22222222-2222-4222-8222-222222222202', '33333333-3333-4333-8333-333333333303', '11111111-1111-4111-8111-111111111102', '11111111-1111-4111-8111-111111111104', 'Exam seating plan generator', 'Auto-assign rooms by roll number.', 'Examinations', 'CLOSED', 'HIGH', NULL, DATE_SUB(NOW(), INTERVAL 54 DAY), DATE_SUB(NOW(), INTERVAL 54 DAY), DATE_SUB(NOW(), INTERVAL 40 DAY), DATE_SUB(NOW(), INTERVAL 40 DAY), DATE_ADD(DATE_SUB(NOW(), INTERVAL 55 DAY), INTERVAL 10 DAY), DATE_SUB(NOW(), INTERVAL 55 DAY), DATE_SUB(NOW(), INTERVAL 55 DAY)),
  ('44444444-4444-4444-8444-000000000010', '22222222-2222-4222-8222-222222222202', '33333333-3333-4333-8333-333333333303', '11111111-1111-4111-8111-111111111102', '11111111-1111-4111-8111-111111111103', 'Transport route optimizer', 'Reorder stops by distance.', 'Other', 'CLOSED', 'MEDIUM', NULL, DATE_SUB(NOW(), INTERVAL 24 DAY), DATE_SUB(NOW(), INTERVAL 24 DAY), DATE_SUB(NOW(), INTERVAL 8 DAY), DATE_SUB(NOW(), INTERVAL 8 DAY), DATE_ADD(DATE_SUB(NOW(), INTERVAL 25 DAY), INTERVAL 10 DAY), DATE_SUB(NOW(), INTERVAL 25 DAY), DATE_SUB(NOW(), INTERVAL 25 DAY)),
  ('44444444-4444-4444-8444-000000000011', '22222222-2222-4222-8222-222222222202', '33333333-3333-4333-8333-333333333303', '11111111-1111-4111-8111-111111111102', '11111111-1111-4111-8111-111111111104', 'Staff leave approval workflow', 'Multi-step approval chain.', 'Attendance', 'RESOLVED', 'MEDIUM', NULL, DATE_SUB(NOW(), INTERVAL 11 DAY), DATE_SUB(NOW(), INTERVAL 11 DAY), DATE_SUB(NOW(), INTERVAL 9 DAY), NULL, DATE_ADD(DATE_SUB(NOW(), INTERVAL 12 DAY), INTERVAL 10 DAY), DATE_SUB(NOW(), INTERVAL 12 DAY), DATE_SUB(NOW(), INTERVAL 12 DAY)),
  ('44444444-4444-4444-8444-000000000012', '22222222-2222-4222-8222-222222222202', '33333333-3333-4333-8333-333333333303', '11111111-1111-4111-8111-111111111102', '11111111-1111-4111-8111-111111111103', 'Report card GPA scale change', 'Switch to 10-point scale.', 'Reports', 'CLOSED', 'URGENT', NULL, DATE_SUB(NOW(), INTERVAL 89 DAY), DATE_SUB(NOW(), INTERVAL 89 DAY), DATE_SUB(NOW(), INTERVAL 75 DAY), DATE_SUB(NOW(), INTERVAL 75 DAY), DATE_ADD(DATE_SUB(NOW(), INTERVAL 90 DAY), INTERVAL 10 DAY), DATE_SUB(NOW(), INTERVAL 90 DAY), DATE_SUB(NOW(), INTERVAL 90 DAY)),
  ('44444444-4444-4444-8444-000000000013', '22222222-2222-4222-8222-222222222203', '33333333-3333-4333-8333-333333333305', '11111111-1111-4111-8111-111111111102', '11111111-1111-4111-8111-111111111104', 'Alumni portal login', 'SSO for graduated students.', 'Admissions', 'APPROVED_ASSIGNED', 'LOW', NULL, DATE_SUB(NOW(), INTERVAL 3 DAY), DATE_SUB(NOW(), INTERVAL 3 DAY), NULL, NULL, DATE_ADD(DATE_SUB(NOW(), INTERVAL 4 DAY), INTERVAL 21 DAY), DATE_SUB(NOW(), INTERVAL 4 DAY), DATE_SUB(NOW(), INTERVAL 4 DAY)),
  ('44444444-4444-4444-8444-000000000014', '22222222-2222-4222-8222-222222222203', '33333333-3333-4333-8333-333333333305', '11111111-1111-4111-8111-111111111102', '11111111-1111-4111-8111-111111111103', 'Hostel mess billing', 'Monthly mess charges on fee bill.', 'Finance', 'IN_PROGRESS', 'MEDIUM', NULL, DATE_SUB(NOW(), INTERVAL 17 DAY), DATE_SUB(NOW(), INTERVAL 17 DAY), NULL, NULL, DATE_SUB(NOW(), INTERVAL 2 DAY), DATE_SUB(NOW(), INTERVAL 18 DAY), DATE_SUB(NOW(), INTERVAL 18 DAY)),
  ('44444444-4444-4444-8444-000000000015', '22222222-2222-4222-8222-222222222203', '33333333-3333-4333-8333-333333333305', '11111111-1111-4111-8111-111111111102', '11111111-1111-4111-8111-111111111104', 'Certificate auto-generation', 'Bonafide and TC PDF templates.', 'Reports', 'CLOSED', 'MEDIUM', NULL, DATE_SUB(NOW(), INTERVAL 34 DAY), DATE_SUB(NOW(), INTERVAL 34 DAY), DATE_SUB(NOW(), INTERVAL 15 DAY), DATE_SUB(NOW(), INTERVAL 15 DAY), DATE_ADD(DATE_SUB(NOW(), INTERVAL 35 DAY), INTERVAL 21 DAY), DATE_SUB(NOW(), INTERVAL 35 DAY), DATE_SUB(NOW(), INTERVAL 35 DAY)),
  ('44444444-4444-4444-8444-000000000016', '22222222-2222-4222-8222-222222222204', '33333333-3333-4333-8333-333333333306', '11111111-1111-4111-8111-111111111102', NULL, 'Placement cell dashboard', 'Track company visits and offers.', 'Other', 'PENDING_APPROVAL', 'HIGH', NULL, NULL, NULL, NULL, NULL, DATE_ADD(DATE_SUB(NOW(), INTERVAL 3 DAY), INTERVAL 14 DAY), DATE_SUB(NOW(), INTERVAL 3 DAY), DATE_SUB(NOW(), INTERVAL 3 DAY)),
  ('44444444-4444-4444-8444-000000000017', '22222222-2222-4222-8222-222222222204', '33333333-3333-4333-8333-333333333306', '11111111-1111-4111-8111-111111111102', '11111111-1111-4111-8111-111111111103', 'Internship credit mapping', 'Map hours to course credits.', 'Examinations', 'IN_PROGRESS', 'MEDIUM', NULL, DATE_SUB(NOW(), INTERVAL 6 DAY), DATE_SUB(NOW(), INTERVAL 6 DAY), NULL, NULL, DATE_ADD(DATE_SUB(NOW(), INTERVAL 7 DAY), INTERVAL 14 DAY), DATE_SUB(NOW(), INTERVAL 7 DAY), DATE_SUB(NOW(), INTERVAL 7 DAY)),
  ('44444444-4444-4444-8444-000000000018', '22222222-2222-4222-8222-222222222204', '33333333-3333-4333-8333-333333333306', '11111111-1111-4111-8111-111111111102', '11111111-1111-4111-8111-111111111104', 'Faculty appraisal forms', 'Online self-assessment module.', 'Attendance', 'CLOSED', 'LOW', NULL, DATE_SUB(NOW(), INTERVAL 59 DAY), DATE_SUB(NOW(), INTERVAL 59 DAY), DATE_SUB(NOW(), INTERVAL 50 DAY), DATE_SUB(NOW(), INTERVAL 50 DAY), DATE_ADD(DATE_SUB(NOW(), INTERVAL 60 DAY), INTERVAL 14 DAY), DATE_SUB(NOW(), INTERVAL 60 DAY), DATE_SUB(NOW(), INTERVAL 60 DAY)),
  ('44444444-4444-4444-8444-000000000019', '22222222-2222-4222-8222-222222222205', '33333333-3333-4333-8333-333333333308', '11111111-1111-4111-8111-111111111102', '11111111-1111-4111-8111-111111111104', 'WhatsApp fee reminder', 'Template messages via API.', 'Communication', 'IN_PROGRESS', 'URGENT', NULL, DATE_SUB(NOW(), INTERVAL 9 DAY), DATE_SUB(NOW(), INTERVAL 9 DAY), NULL, NULL, DATE_SUB(NOW(), INTERVAL 2 DAY), DATE_SUB(NOW(), INTERVAL 10 DAY), DATE_SUB(NOW(), INTERVAL 10 DAY)),
  ('44444444-4444-4444-8444-000000000020', '22222222-2222-4222-8222-222222222205', '33333333-3333-4333-8333-333333333308', '11111111-1111-4111-8111-111111111102', NULL, 'Admission form OCR', 'Scan Aadhaar into student profile.', 'Admissions', 'PENDING_APPROVAL', 'HIGH', NULL, NULL, NULL, NULL, NULL, DATE_ADD(NOW(), INTERVAL 7 DAY), NOW(), NOW()),
  ('44444444-4444-4444-8444-000000000021', '22222222-2222-4222-8222-222222222205', '33333333-3333-4333-8333-333333333308', '11111111-1111-4111-8111-111111111102', '11111111-1111-4111-8111-111111111103', 'Canteen wallet top-up', 'Prepaid balance for students.', 'Finance', 'CLOSED', 'MEDIUM', NULL, DATE_SUB(NOW(), INTERVAL 13 DAY), DATE_SUB(NOW(), INTERVAL 13 DAY), DATE_SUB(NOW(), INTERVAL 3 DAY), DATE_SUB(NOW(), INTERVAL 3 DAY), DATE_ADD(DATE_SUB(NOW(), INTERVAL 14 DAY), INTERVAL 7 DAY), DATE_SUB(NOW(), INTERVAL 14 DAY), DATE_SUB(NOW(), INTERVAL 14 DAY));
INSERT INTO `workflow_logs` (`id`, `change_request_id`, `triggered_by_id`, `previous_status`, `new_status`, `action_note`, `logged_at`) VALUES
  ('55555555-5555-4555-8555-000000000001', '44444444-4444-4444-8444-000000000001', '33333333-3333-4333-8333-333333333301', NULL, 'PENDING_APPROVAL', 'Submitted', DATE_SUB(NOW(), INTERVAL 2 DAY)),
  ('55555555-5555-4555-8555-000000000002', '44444444-4444-4444-8444-000000000002', '33333333-3333-4333-8333-333333333301', NULL, 'PENDING_APPROVAL', 'Submitted', DATE_SUB(NOW(), INTERVAL 16 DAY)),
  ('55555555-5555-4555-8555-000000000003', '44444444-4444-4444-8444-000000000002', '11111111-1111-4111-8111-111111111102', 'PENDING_APPROVAL', 'APPROVED_ASSIGNED', NULL, DATE_SUB(NOW(), INTERVAL 15 DAY)),
  ('55555555-5555-4555-8555-000000000004', '44444444-4444-4444-8444-000000000002', '11111111-1111-4111-8111-111111111103', 'APPROVED_ASSIGNED', 'IN_PROGRESS', NULL, DATE_SUB(NOW(), INTERVAL 15 DAY)),
  ('55555555-5555-4555-8555-000000000005', '44444444-4444-4444-8444-000000000003', '33333333-3333-4333-8333-333333333301', NULL, 'PENDING_APPROVAL', 'Submitted', DATE_SUB(NOW(), INTERVAL 5 DAY)),
  ('55555555-5555-4555-8555-000000000006', '44444444-4444-4444-8444-000000000003', '11111111-1111-4111-8111-111111111102', 'PENDING_APPROVAL', 'APPROVED_ASSIGNED', NULL, DATE_SUB(NOW(), INTERVAL 4 DAY)),
  ('55555555-5555-4555-8555-000000000007', '44444444-4444-4444-8444-000000000004', '33333333-3333-4333-8333-333333333301', NULL, 'PENDING_APPROVAL', 'Submitted', DATE_SUB(NOW(), INTERVAL 45 DAY)),
  ('55555555-5555-4555-8555-000000000008', '44444444-4444-4444-8444-000000000004', '11111111-1111-4111-8111-111111111102', 'PENDING_APPROVAL', 'APPROVED_ASSIGNED', NULL, DATE_SUB(NOW(), INTERVAL 44 DAY)),
  ('55555555-5555-4555-8555-000000000009', '44444444-4444-4444-8444-000000000004', '11111111-1111-4111-8111-111111111103', 'APPROVED_ASSIGNED', 'IN_PROGRESS', NULL, DATE_SUB(NOW(), INTERVAL 44 DAY)),
  ('55555555-5555-4555-8555-000000000010', '44444444-4444-4444-8444-000000000005', '33333333-3333-4333-8333-333333333301', NULL, 'PENDING_APPROVAL', 'Submitted', DATE_SUB(NOW(), INTERVAL 20 DAY)),
  ('55555555-5555-4555-8555-000000000011', '44444444-4444-4444-8444-000000000005', '11111111-1111-4111-8111-111111111102', 'PENDING_APPROVAL', 'APPROVED_ASSIGNED', NULL, DATE_SUB(NOW(), INTERVAL 19 DAY)),
  ('55555555-5555-4555-8555-000000000012', '44444444-4444-4444-8444-000000000005', '11111111-1111-4111-8111-111111111104', 'APPROVED_ASSIGNED', 'IN_PROGRESS', NULL, DATE_SUB(NOW(), INTERVAL 19 DAY)),
  ('55555555-5555-4555-8555-000000000013', '44444444-4444-4444-8444-000000000006', '33333333-3333-4333-8333-333333333301', NULL, 'PENDING_APPROVAL', 'Submitted', DATE_SUB(NOW(), INTERVAL 30 DAY)),
  ('55555555-5555-4555-8555-000000000014', '44444444-4444-4444-8444-000000000007', '33333333-3333-4333-8333-333333333303', NULL, 'PENDING_APPROVAL', 'Submitted', DATE_SUB(NOW(), INTERVAL 8 DAY)),
  ('55555555-5555-4555-8555-000000000015', '44444444-4444-4444-8444-000000000007', '11111111-1111-4111-8111-111111111102', 'PENDING_APPROVAL', 'APPROVED_ASSIGNED', NULL, DATE_SUB(NOW(), INTERVAL 7 DAY)),
  ('55555555-5555-4555-8555-000000000016', '44444444-4444-4444-8444-000000000007', '11111111-1111-4111-8111-111111111103', 'APPROVED_ASSIGNED', 'IN_PROGRESS', NULL, DATE_SUB(NOW(), INTERVAL 7 DAY)),
  ('55555555-5555-4555-8555-000000000017', '44444444-4444-4444-8444-000000000008', '33333333-3333-4333-8333-333333333303', NULL, 'PENDING_APPROVAL', 'Submitted', DATE_SUB(NOW(), INTERVAL 1 DAY)),
  ('55555555-5555-4555-8555-000000000018', '44444444-4444-4444-8444-000000000009', '33333333-3333-4333-8333-333333333303', NULL, 'PENDING_APPROVAL', 'Submitted', DATE_SUB(NOW(), INTERVAL 55 DAY)),
  ('55555555-5555-4555-8555-000000000019', '44444444-4444-4444-8444-000000000009', '11111111-1111-4111-8111-111111111102', 'PENDING_APPROVAL', 'APPROVED_ASSIGNED', NULL, DATE_SUB(NOW(), INTERVAL 54 DAY)),
  ('55555555-5555-4555-8555-000000000020', '44444444-4444-4444-8444-000000000009', '11111111-1111-4111-8111-111111111104', 'APPROVED_ASSIGNED', 'IN_PROGRESS', NULL, DATE_SUB(NOW(), INTERVAL 54 DAY)),
  ('55555555-5555-4555-8555-000000000021', '44444444-4444-4444-8444-000000000010', '33333333-3333-4333-8333-333333333303', NULL, 'PENDING_APPROVAL', 'Submitted', DATE_SUB(NOW(), INTERVAL 25 DAY)),
  ('55555555-5555-4555-8555-000000000022', '44444444-4444-4444-8444-000000000010', '11111111-1111-4111-8111-111111111102', 'PENDING_APPROVAL', 'APPROVED_ASSIGNED', NULL, DATE_SUB(NOW(), INTERVAL 24 DAY)),
  ('55555555-5555-4555-8555-000000000023', '44444444-4444-4444-8444-000000000010', '11111111-1111-4111-8111-111111111103', 'APPROVED_ASSIGNED', 'IN_PROGRESS', NULL, DATE_SUB(NOW(), INTERVAL 24 DAY)),
  ('55555555-5555-4555-8555-000000000024', '44444444-4444-4444-8444-000000000011', '33333333-3333-4333-8333-333333333303', NULL, 'PENDING_APPROVAL', 'Submitted', DATE_SUB(NOW(), INTERVAL 12 DAY)),
  ('55555555-5555-4555-8555-000000000025', '44444444-4444-4444-8444-000000000011', '11111111-1111-4111-8111-111111111102', 'PENDING_APPROVAL', 'APPROVED_ASSIGNED', NULL, DATE_SUB(NOW(), INTERVAL 11 DAY)),
  ('55555555-5555-4555-8555-000000000026', '44444444-4444-4444-8444-000000000011', '11111111-1111-4111-8111-111111111104', 'APPROVED_ASSIGNED', 'IN_PROGRESS', NULL, DATE_SUB(NOW(), INTERVAL 11 DAY)),
  ('55555555-5555-4555-8555-000000000027', '44444444-4444-4444-8444-000000000012', '33333333-3333-4333-8333-333333333303', NULL, 'PENDING_APPROVAL', 'Submitted', DATE_SUB(NOW(), INTERVAL 90 DAY)),
  ('55555555-5555-4555-8555-000000000028', '44444444-4444-4444-8444-000000000012', '11111111-1111-4111-8111-111111111102', 'PENDING_APPROVAL', 'APPROVED_ASSIGNED', NULL, DATE_SUB(NOW(), INTERVAL 89 DAY)),
  ('55555555-5555-4555-8555-000000000029', '44444444-4444-4444-8444-000000000012', '11111111-1111-4111-8111-111111111103', 'APPROVED_ASSIGNED', 'IN_PROGRESS', NULL, DATE_SUB(NOW(), INTERVAL 89 DAY)),
  ('55555555-5555-4555-8555-000000000030', '44444444-4444-4444-8444-000000000013', '33333333-3333-4333-8333-333333333305', NULL, 'PENDING_APPROVAL', 'Submitted', DATE_SUB(NOW(), INTERVAL 4 DAY)),
  ('55555555-5555-4555-8555-000000000031', '44444444-4444-4444-8444-000000000013', '11111111-1111-4111-8111-111111111102', 'PENDING_APPROVAL', 'APPROVED_ASSIGNED', NULL, DATE_SUB(NOW(), INTERVAL 3 DAY)),
  ('55555555-5555-4555-8555-000000000032', '44444444-4444-4444-8444-000000000014', '33333333-3333-4333-8333-333333333305', NULL, 'PENDING_APPROVAL', 'Submitted', DATE_SUB(NOW(), INTERVAL 18 DAY)),
  ('55555555-5555-4555-8555-000000000033', '44444444-4444-4444-8444-000000000014', '11111111-1111-4111-8111-111111111102', 'PENDING_APPROVAL', 'APPROVED_ASSIGNED', NULL, DATE_SUB(NOW(), INTERVAL 17 DAY)),
  ('55555555-5555-4555-8555-000000000034', '44444444-4444-4444-8444-000000000014', '11111111-1111-4111-8111-111111111103', 'APPROVED_ASSIGNED', 'IN_PROGRESS', NULL, DATE_SUB(NOW(), INTERVAL 17 DAY)),
  ('55555555-5555-4555-8555-000000000035', '44444444-4444-4444-8444-000000000015', '33333333-3333-4333-8333-333333333305', NULL, 'PENDING_APPROVAL', 'Submitted', DATE_SUB(NOW(), INTERVAL 35 DAY)),
  ('55555555-5555-4555-8555-000000000036', '44444444-4444-4444-8444-000000000015', '11111111-1111-4111-8111-111111111102', 'PENDING_APPROVAL', 'APPROVED_ASSIGNED', NULL, DATE_SUB(NOW(), INTERVAL 34 DAY)),
  ('55555555-5555-4555-8555-000000000037', '44444444-4444-4444-8444-000000000015', '11111111-1111-4111-8111-111111111104', 'APPROVED_ASSIGNED', 'IN_PROGRESS', NULL, DATE_SUB(NOW(), INTERVAL 34 DAY)),
  ('55555555-5555-4555-8555-000000000038', '44444444-4444-4444-8444-000000000016', '33333333-3333-4333-8333-333333333306', NULL, 'PENDING_APPROVAL', 'Submitted', DATE_SUB(NOW(), INTERVAL 3 DAY)),
  ('55555555-5555-4555-8555-000000000039', '44444444-4444-4444-8444-000000000017', '33333333-3333-4333-8333-333333333306', NULL, 'PENDING_APPROVAL', 'Submitted', DATE_SUB(NOW(), INTERVAL 7 DAY)),
  ('55555555-5555-4555-8555-000000000040', '44444444-4444-4444-8444-000000000017', '11111111-1111-4111-8111-111111111102', 'PENDING_APPROVAL', 'APPROVED_ASSIGNED', NULL, DATE_SUB(NOW(), INTERVAL 6 DAY)),
  ('55555555-5555-4555-8555-000000000041', '44444444-4444-4444-8444-000000000017', '11111111-1111-4111-8111-111111111103', 'APPROVED_ASSIGNED', 'IN_PROGRESS', NULL, DATE_SUB(NOW(), INTERVAL 6 DAY)),
  ('55555555-5555-4555-8555-000000000042', '44444444-4444-4444-8444-000000000018', '33333333-3333-4333-8333-333333333306', NULL, 'PENDING_APPROVAL', 'Submitted', DATE_SUB(NOW(), INTERVAL 60 DAY)),
  ('55555555-5555-4555-8555-000000000043', '44444444-4444-4444-8444-000000000018', '11111111-1111-4111-8111-111111111102', 'PENDING_APPROVAL', 'APPROVED_ASSIGNED', NULL, DATE_SUB(NOW(), INTERVAL 59 DAY)),
  ('55555555-5555-4555-8555-000000000044', '44444444-4444-4444-8444-000000000018', '11111111-1111-4111-8111-111111111104', 'APPROVED_ASSIGNED', 'IN_PROGRESS', NULL, DATE_SUB(NOW(), INTERVAL 59 DAY)),
  ('55555555-5555-4555-8555-000000000045', '44444444-4444-4444-8444-000000000019', '33333333-3333-4333-8333-333333333308', NULL, 'PENDING_APPROVAL', 'Submitted', DATE_SUB(NOW(), INTERVAL 10 DAY)),
  ('55555555-5555-4555-8555-000000000046', '44444444-4444-4444-8444-000000000019', '11111111-1111-4111-8111-111111111102', 'PENDING_APPROVAL', 'APPROVED_ASSIGNED', NULL, DATE_SUB(NOW(), INTERVAL 9 DAY)),
  ('55555555-5555-4555-8555-000000000047', '44444444-4444-4444-8444-000000000019', '11111111-1111-4111-8111-111111111104', 'APPROVED_ASSIGNED', 'IN_PROGRESS', NULL, DATE_SUB(NOW(), INTERVAL 9 DAY)),
  ('55555555-5555-4555-8555-000000000048', '44444444-4444-4444-8444-000000000020', '33333333-3333-4333-8333-333333333308', NULL, 'PENDING_APPROVAL', 'Submitted', NOW()),
  ('55555555-5555-4555-8555-000000000049', '44444444-4444-4444-8444-000000000021', '33333333-3333-4333-8333-333333333308', NULL, 'PENDING_APPROVAL', 'Submitted', DATE_SUB(NOW(), INTERVAL 14 DAY)),
  ('55555555-5555-4555-8555-000000000050', '44444444-4444-4444-8444-000000000021', '11111111-1111-4111-8111-111111111102', 'PENDING_APPROVAL', 'APPROVED_ASSIGNED', NULL, DATE_SUB(NOW(), INTERVAL 13 DAY)),
  ('55555555-5555-4555-8555-000000000051', '44444444-4444-4444-8444-000000000021', '11111111-1111-4111-8111-111111111103', 'APPROVED_ASSIGNED', 'IN_PROGRESS', NULL, DATE_SUB(NOW(), INTERVAL 13 DAY));
INSERT INTO `cr_comments` (`id`, `change_request_id`, `author_id`, `content`, `visibility`) VALUES
  ('77777777-7777-4777-8777-777777777701', '44444444-4444-4444-8444-000000000002', '11111111-1111-4111-8111-111111111103', 'JIRA SWP-1842 created. Payment adapter in QA.', 'CLIENT_VISIBLE');
INSERT INTO `external_ticket_links` (`id`, `change_request_id`, `system`, `external_id`, `url`, `linked_by_id`) VALUES
  ('77777777-7777-4777-8777-777777777702', '44444444-4444-4444-8444-000000000002', 'JIRA', 'SWP-1842', 'https://jira.example.com/browse/SWP-1842', '11111111-1111-4111-8111-111111111103');
INSERT INTO `notifications` (`id`, `user_id`, `change_request_id`, `status`, `is_read`, `acted_by_id`, `acted_at`) VALUES
  ('66666666-6666-4666-8666-000000000001', '11111111-1111-4111-8111-111111111101', '44444444-4444-4444-8444-000000000001', 'PENDING_APPROVAL', 0, NULL, NULL),
  ('66666666-6666-4666-8666-000000000002', '11111111-1111-4111-8111-111111111102', '44444444-4444-4444-8444-000000000001', 'PENDING_APPROVAL', 0, NULL, NULL),
  ('66666666-6666-4666-8666-000000000003', '11111111-1111-4111-8111-111111111101', '44444444-4444-4444-8444-000000000002', 'APPROVED', 0, '11111111-1111-4111-8111-111111111102', NOW()),
  ('66666666-6666-4666-8666-000000000004', '11111111-1111-4111-8111-111111111102', '44444444-4444-4444-8444-000000000002', 'APPROVED', 0, '11111111-1111-4111-8111-111111111102', NOW()),
  ('66666666-6666-4666-8666-000000000005', '11111111-1111-4111-8111-111111111101', '44444444-4444-4444-8444-000000000003', 'APPROVED', 0, '11111111-1111-4111-8111-111111111102', NOW()),
  ('66666666-6666-4666-8666-000000000006', '11111111-1111-4111-8111-111111111102', '44444444-4444-4444-8444-000000000003', 'APPROVED', 0, '11111111-1111-4111-8111-111111111102', NOW()),
  ('66666666-6666-4666-8666-000000000007', '11111111-1111-4111-8111-111111111101', '44444444-4444-4444-8444-000000000004', 'APPROVED', 0, '11111111-1111-4111-8111-111111111102', NOW()),
  ('66666666-6666-4666-8666-000000000008', '11111111-1111-4111-8111-111111111102', '44444444-4444-4444-8444-000000000004', 'APPROVED', 0, '11111111-1111-4111-8111-111111111102', NOW()),
  ('66666666-6666-4666-8666-000000000009', '11111111-1111-4111-8111-111111111101', '44444444-4444-4444-8444-000000000005', 'APPROVED', 0, '11111111-1111-4111-8111-111111111102', NOW()),
  ('66666666-6666-4666-8666-000000000010', '11111111-1111-4111-8111-111111111102', '44444444-4444-4444-8444-000000000005', 'APPROVED', 0, '11111111-1111-4111-8111-111111111102', NOW()),
  ('66666666-6666-4666-8666-000000000011', '11111111-1111-4111-8111-111111111101', '44444444-4444-4444-8444-000000000006', 'REJECTED', 0, '11111111-1111-4111-8111-111111111102', NOW()),
  ('66666666-6666-4666-8666-000000000012', '11111111-1111-4111-8111-111111111102', '44444444-4444-4444-8444-000000000006', 'REJECTED', 0, '11111111-1111-4111-8111-111111111102', NOW()),
  ('66666666-6666-4666-8666-000000000013', '11111111-1111-4111-8111-111111111101', '44444444-4444-4444-8444-000000000007', 'APPROVED', 0, '11111111-1111-4111-8111-111111111102', NOW()),
  ('66666666-6666-4666-8666-000000000014', '11111111-1111-4111-8111-111111111102', '44444444-4444-4444-8444-000000000007', 'APPROVED', 0, '11111111-1111-4111-8111-111111111102', NOW()),
  ('66666666-6666-4666-8666-000000000015', '11111111-1111-4111-8111-111111111101', '44444444-4444-4444-8444-000000000008', 'PENDING_APPROVAL', 0, NULL, NULL),
  ('66666666-6666-4666-8666-000000000016', '11111111-1111-4111-8111-111111111102', '44444444-4444-4444-8444-000000000008', 'PENDING_APPROVAL', 0, NULL, NULL),
  ('66666666-6666-4666-8666-000000000017', '11111111-1111-4111-8111-111111111101', '44444444-4444-4444-8444-000000000009', 'APPROVED', 0, '11111111-1111-4111-8111-111111111102', NOW()),
  ('66666666-6666-4666-8666-000000000018', '11111111-1111-4111-8111-111111111102', '44444444-4444-4444-8444-000000000009', 'APPROVED', 0, '11111111-1111-4111-8111-111111111102', NOW()),
  ('66666666-6666-4666-8666-000000000019', '11111111-1111-4111-8111-111111111101', '44444444-4444-4444-8444-000000000010', 'APPROVED', 0, '11111111-1111-4111-8111-111111111102', NOW()),
  ('66666666-6666-4666-8666-000000000020', '11111111-1111-4111-8111-111111111102', '44444444-4444-4444-8444-000000000010', 'APPROVED', 0, '11111111-1111-4111-8111-111111111102', NOW()),
  ('66666666-6666-4666-8666-000000000021', '11111111-1111-4111-8111-111111111101', '44444444-4444-4444-8444-000000000011', 'APPROVED', 0, '11111111-1111-4111-8111-111111111102', NOW()),
  ('66666666-6666-4666-8666-000000000022', '11111111-1111-4111-8111-111111111102', '44444444-4444-4444-8444-000000000011', 'APPROVED', 0, '11111111-1111-4111-8111-111111111102', NOW()),
  ('66666666-6666-4666-8666-000000000023', '11111111-1111-4111-8111-111111111101', '44444444-4444-4444-8444-000000000012', 'APPROVED', 0, '11111111-1111-4111-8111-111111111102', NOW()),
  ('66666666-6666-4666-8666-000000000024', '11111111-1111-4111-8111-111111111102', '44444444-4444-4444-8444-000000000012', 'APPROVED', 0, '11111111-1111-4111-8111-111111111102', NOW()),
  ('66666666-6666-4666-8666-000000000025', '11111111-1111-4111-8111-111111111101', '44444444-4444-4444-8444-000000000013', 'APPROVED', 0, '11111111-1111-4111-8111-111111111102', NOW()),
  ('66666666-6666-4666-8666-000000000026', '11111111-1111-4111-8111-111111111102', '44444444-4444-4444-8444-000000000013', 'APPROVED', 0, '11111111-1111-4111-8111-111111111102', NOW()),
  ('66666666-6666-4666-8666-000000000027', '11111111-1111-4111-8111-111111111101', '44444444-4444-4444-8444-000000000014', 'APPROVED', 0, '11111111-1111-4111-8111-111111111102', NOW()),
  ('66666666-6666-4666-8666-000000000028', '11111111-1111-4111-8111-111111111102', '44444444-4444-4444-8444-000000000014', 'APPROVED', 0, '11111111-1111-4111-8111-111111111102', NOW()),
  ('66666666-6666-4666-8666-000000000029', '11111111-1111-4111-8111-111111111101', '44444444-4444-4444-8444-000000000015', 'APPROVED', 0, '11111111-1111-4111-8111-111111111102', NOW()),
  ('66666666-6666-4666-8666-000000000030', '11111111-1111-4111-8111-111111111102', '44444444-4444-4444-8444-000000000015', 'APPROVED', 0, '11111111-1111-4111-8111-111111111102', NOW()),
  ('66666666-6666-4666-8666-000000000031', '11111111-1111-4111-8111-111111111101', '44444444-4444-4444-8444-000000000016', 'PENDING_APPROVAL', 0, NULL, NULL),
  ('66666666-6666-4666-8666-000000000032', '11111111-1111-4111-8111-111111111102', '44444444-4444-4444-8444-000000000016', 'PENDING_APPROVAL', 0, NULL, NULL),
  ('66666666-6666-4666-8666-000000000033', '11111111-1111-4111-8111-111111111101', '44444444-4444-4444-8444-000000000017', 'APPROVED', 0, '11111111-1111-4111-8111-111111111102', NOW()),
  ('66666666-6666-4666-8666-000000000034', '11111111-1111-4111-8111-111111111102', '44444444-4444-4444-8444-000000000017', 'APPROVED', 0, '11111111-1111-4111-8111-111111111102', NOW()),
  ('66666666-6666-4666-8666-000000000035', '11111111-1111-4111-8111-111111111101', '44444444-4444-4444-8444-000000000018', 'APPROVED', 0, '11111111-1111-4111-8111-111111111102', NOW()),
  ('66666666-6666-4666-8666-000000000036', '11111111-1111-4111-8111-111111111102', '44444444-4444-4444-8444-000000000018', 'APPROVED', 0, '11111111-1111-4111-8111-111111111102', NOW()),
  ('66666666-6666-4666-8666-000000000037', '11111111-1111-4111-8111-111111111101', '44444444-4444-4444-8444-000000000019', 'APPROVED', 0, '11111111-1111-4111-8111-111111111102', NOW()),
  ('66666666-6666-4666-8666-000000000038', '11111111-1111-4111-8111-111111111102', '44444444-4444-4444-8444-000000000019', 'APPROVED', 0, '11111111-1111-4111-8111-111111111102', NOW()),
  ('66666666-6666-4666-8666-000000000039', '11111111-1111-4111-8111-111111111101', '44444444-4444-4444-8444-000000000020', 'PENDING_APPROVAL', 0, NULL, NULL),
  ('66666666-6666-4666-8666-000000000040', '11111111-1111-4111-8111-111111111102', '44444444-4444-4444-8444-000000000020', 'PENDING_APPROVAL', 0, NULL, NULL),
  ('66666666-6666-4666-8666-000000000041', '11111111-1111-4111-8111-111111111101', '44444444-4444-4444-8444-000000000021', 'APPROVED', 0, '11111111-1111-4111-8111-111111111102', NOW()),
  ('66666666-6666-4666-8666-000000000042', '11111111-1111-4111-8111-111111111102', '44444444-4444-4444-8444-000000000021', 'APPROVED', 0, '11111111-1111-4111-8111-111111111102', NOW());

SET FOREIGN_KEY_CHECKS = 1;

-- ===================== DEMO ACCOUNTS (password: demo123) =====================
-- Internal: admin@swipetouch.local | approver@swipetouch.local | staff1@swipetouch.local | staff2@swipetouch.local
-- Client org codes: demoschool | greenvalley | stmarys | davcollege | sunrise
-- Sample client: client@demoschool.local + org code demoschool
-- Data: 5 institutions, 21 change requests, 42 notifications
